Handle,Title,Body (HTML),Vendor,Type,Tags,Published,Option1 Name,Option1 Value,Option2 Name,Option2 Value,Variant SKU,Variant Grams,Variant Inventory Tracker,Variant Inventory Policy,Variant Fulfillment Service,Variant Price,Variant Compare At Price,Variant Requires Shipping,Variant Taxable,Gift Card,SEO Title,SEO Description,Variant Weight Unit,Status,Composition (product.metafields.custom.composition),Grammage (product.metafields.custom.grammage),Dimensions (product.metafields.custom.dimensions),Contenu du colis (product.metafields.custom.contenu_colis),Entretien (product.metafields.custom.entretien),Style (product.metafields.custom.style)
parure-kumo-double-gaze-froissee,"Parure Kumo – double gaze froissée, style japonais","<p>Kumo signifie « nuage » en japonais, et c'est exactement la sensation que l'on cherche en se glissant dans cette parure. Sa double gaze de coton, deux fines couches tissées ensemble, est légère, respirante et incroyablement douce dès la première nuit.</p><p>Son froissé naturel apporte à la chambre ce calme un peu brut qu'on aime dans les intérieurs japonais : pas de repassage, pas de chichis, juste un lit qui a l'air accueillant, même défait. Pensée pour les grands lits jusqu'à 2 m de large, elle tombe généreusement sur les côtés pour un effet enveloppant.</p><p>La double gaze régule bien la chaleur : fraîche en été, douillette en hiver avec une bonne couette. Et comme tout coton lavé, elle devient encore plus souple au fil des lavages. Une parure qui se bonifie avec le temps, à associer à des tons sable, bois clair et céramique.</p><h3>Caractéristiques</h3><ul><li>Double gaze de coton, effet froissé naturel</li><li>Légère et respirante, agréable en toute saison</li><li>S'adoucit à chaque lavage</li><li>Housse fermée par boutons ou zip [à confirmer]</li><li>Couleurs douces inspirées des intérieurs japonais</li></ul>",Maison Nuits Douces,Parure de lit,"Parure, Double gaze, Style japonais",FALSE,Couleur,Sable,Taille,240×260 cm,MND-KUMO-SAB-240,1500,,deny,manual,149.00,,TRUE,TRUE,FALSE,"Parure double gaze de coton froissée, style japonais","Parure Kumo en double gaze de coton froissée : légère, respirante et douce dès la première nuit. Style japonais, lit jusqu'à 2 m. Livraison suivie.",g,draft,"100 % coton, double gaze [à confirmer]",[à confirmer] g/m²,"Housse de couette : 240×260 cm [à confirmer]
Taies d'oreiller : 2 × 65×65 cm [à confirmer]","1 housse de couette
2 taies d'oreiller [à confirmer]","Lavage en machine à 30 °C ou 40 °C [à confirmer selon l'étiquette]
Laver sur l'envers, housse fermée
Lessive douce, sans adoucissant ni eau de Javel
Séchage à l'air libre ou en sèche-linge à basse température
Pas de repassage nécessaire : l'effet froissé fait le charme",Japonais
parure-kumo-double-gaze-froissee,,,,,,,,Sauge,,240×260 cm,MND-KUMO-SAU-240,1500,,deny,manual,149.00,,TRUE,TRUE,,,,g,,,,,,,
parure-celeste-double-gaze-pied-de-poule,Parure Céleste – double gaze à motif pied-de-poule,"<p>Le pied-de-poule, mais en version tout en douceur. La parure Céleste revisite ce motif classique en petit format, tissé dans une double gaze de coton souple et légère. Résultat : un lit graphique sans être chargé, qui s'accorde aussi bien avec un intérieur nordique épuré qu'avec une chambre plus chaleureuse.</p><p>La double gaze, ce sont deux voiles de coton assemblés : le tissu respire, ne tient pas trop chaud et garde un toucher moelleux. Son aspect légèrement froissé évite tout repassage et donne au lit un air naturel, comme dans les magazines de déco.</p><p>Au format 220×240 cm, elle habille parfaitement un lit de 160 ou de 180 cm. Associez-la à un drap uni dans un ton proche et à un plaid en grosse maille pour une chambre douce et réconfortante, prête à être épinglée.</p><h3>Caractéristiques</h3><ul><li>Double gaze de coton à motif pied-de-poule tissé</li><li>Toucher moelleux, tissu respirant</li><li>Aspect froissé naturel, sans repassage</li><li>Housse 220×240 cm pour lit 160 ou 180</li><li>Motif discret, facile à associer</li></ul>",Maison Nuits Douces,Parure de lit,"Parure, Double gaze, Style nordique",FALSE,Couleur,Gris chaud,Taille,220×240 cm,MND-CELESTE-GRI-220,1500,,deny,manual,149.00,,TRUE,TRUE,FALSE,Parure double gaze pied-de-poule 220×240,"Parure Céleste en double gaze de coton à motif pied-de-poule, housse 220×240 pour lit 160 ou 180. Douce, respirante, sans repassage.",g,draft,"100 % coton, double gaze [à confirmer]",[à confirmer] g/m²,"Housse de couette : 220×240 cm [à confirmer]
Taies d'oreiller : 2 × 65×65 cm [à confirmer]","1 housse de couette
2 taies d'oreiller [à confirmer]","Lavage en machine à 30 °C ou 40 °C [à confirmer selon l'étiquette]
Laver sur l'envers, housse fermée
Lessive douce, sans adoucissant ni eau de Javel
Séchage à l'air libre ou en sèche-linge à basse température
Pas de repassage nécessaire : l'effet froissé fait le charme",Nordique
parure-celeste-double-gaze-pied-de-poule,,,,,,,,Argile,,220×240 cm,MND-CELESTE-ARG-220,1500,,deny,manual,149.00,,TRUE,TRUE,,,,g,,,,,,,
parure-sabi-coton-jacquard-raye,"Parure Sabi – coton jacquard rayé, esprit wabi-sabi","<p>Le wabi-sabi, c'est l'art japonais de trouver la beauté dans ce qui est simple, imparfait et naturel. La parure Sabi en est une belle traduction : un coton lavé travaillé en jacquard, avec de fines rayures tissées qui jouent avec la lumière plutôt qu'avec la couleur.</p><p>Ses rayures ton sur ton apportent du relief sans jamais charger la chambre. Le lavage du coton lui donne ce tombé souple et ce froissé décontracté qui rendent le lit accueillant à toute heure, fait ou défait.</p><p>Le coton jacquard est un peu plus structuré qu'une gaze : il garde une belle tenue tout en restant doux contre la peau, et il s'assouplit encore au fil des lavages. Une parure intemporelle, pensée pour durer et pour accompagner les matières naturelles : bois brut, terre cuite et céramique.</p><h3>Caractéristiques</h3><ul><li>Coton lavé tissé en jacquard à fines rayures</li><li>Relief ton sur ton, élégant et discret</li><li>Tombé souple, effet froissé naturel</li><li>S'adoucit au fil des lavages</li><li>Deux tailles : lit 140 ou lit 160/180</li></ul>",Maison Nuits Douces,Parure de lit,"Parure, Coton jacquard, Style japonais, Wabi-sabi",FALSE,Couleur,Écru,Taille,200×200 cm,MND-SABI-ÉCR-200,1500,,deny,manual,139.00,,TRUE,TRUE,FALSE,"Parure coton jacquard rayée, style wabi-sabi","Parure Sabi en coton lavé jacquard à fines rayures ton sur ton. Esprit wabi-sabi, tombé souple et froissé naturel. Lit 140 à 180.",g,draft,"100 % coton, jacquard [à confirmer]",[à confirmer] g/m²,"Housse de couette : 200×200 cm ou 220×240 cm selon la taille choisie [à confirmer]
Taies d'oreiller : 2 × 65×65 cm [à confirmer]","1 housse de couette
2 taies d'oreiller [à confirmer]","Lavage en machine à 30 °C ou 40 °C [à confirmer selon l'étiquette]
Laver sur l'envers, housse fermée
Lessive douce, sans adoucissant ni eau de Javel
Séchage à l'air libre ou en sèche-linge à basse température
Pas de repassage nécessaire : l'effet froissé fait le charme",Japonais
parure-sabi-coton-jacquard-raye,,,,,,,,Écru,,220×240 cm,MND-SABI-ÉCR-220,1500,,deny,manual,139.00,,TRUE,TRUE,,,,g,,,,,,,
parure-sabi-coton-jacquard-raye,,,,,,,,Sable,,200×200 cm,MND-SABI-SAB-200,1500,,deny,manual,139.00,,TRUE,TRUE,,,,g,,,,,,,
parure-sabi-coton-jacquard-raye,,,,,,,,Sable,,220×240 cm,MND-SABI-SAB-220,1500,,deny,manual,139.00,,TRUE,TRUE,,,,g,,,,,,,
parure-heritage-jacquard-vintage,"Parure Héritage – jacquard tissé, charme vintage","<p>Il y a dans cette parure un petit air de maison de famille. Son motif jacquard tissé rappelle le linge brodé que l'on trouvait dans les armoires de nos grands-mères, mais dans une version plus légère et plus actuelle, en coton lavé.</p><p>Le motif est tissé dans la matière, et non imprimé : il ne s'efface pas au lavage et donne au tissu un joli relief que l'on a envie de toucher. Le coton lavé apporte sa souplesse et son froissé naturel, pour une chambre romantique sans être sage.</p><p>Elle se marie très bien avec des meubles chinés, des tons crème et des touches de rose poudré ou de terracotta. Une parure qui raconte une histoire, à un prix qui reste raisonnable, et qui devient plus douce à chaque passage en machine.</p><h3>Caractéristiques</h3><ul><li>Coton lavé, motif jacquard tissé (non imprimé)</li><li>Relief délicat au charme vintage</li><li>Froissé naturel, sans repassage</li><li>Couleurs douces et romantiques</li><li>Deux tailles : lit 140 ou lit 160/180</li></ul>",Maison Nuits Douces,Parure de lit,"Parure, Coton jacquard, Style romantique, Vintage",FALSE,Couleur,Écru,Taille,200×200 cm,MND-HERITAGE-ÉCR-200,1500,,deny,manual,129.00,,TRUE,TRUE,FALSE,Parure jacquard tissé style vintage en coton lavé,"Parure Héritage en coton lavé à motif jacquard tissé, au charme vintage et romantique. Froissé naturel, sans repassage. Lit 140 à 180.",g,draft,"100 % coton, jacquard [à confirmer]",[à confirmer] g/m²,"Housse de couette : 200×200 cm ou 220×240 cm selon la taille choisie [à confirmer]
Taies d'oreiller : 2 × 65×65 cm [à confirmer]","1 housse de couette
2 taies d'oreiller [à confirmer]","Lavage en machine à 30 °C ou 40 °C [à confirmer selon l'étiquette]
Laver sur l'envers, housse fermée
Lessive douce, sans adoucissant ni eau de Javel
Séchage à l'air libre ou en sèche-linge à basse température
Pas de repassage nécessaire : l'effet froissé fait le charme",Romantique
parure-heritage-jacquard-vintage,,,,,,,,Écru,,220×240 cm,MND-HERITAGE-ÉCR-220,1500,,deny,manual,129.00,,TRUE,TRUE,,,,g,,,,,,,
parure-heritage-jacquard-vintage,,,,,,,,Vieux rose,,200×200 cm,MND-HERITAGE-VIE-200,1500,,deny,manual,129.00,,TRUE,TRUE,,,,g,,,,,,,
parure-heritage-jacquard-vintage,,,,,,,,Vieux rose,,220×240 cm,MND-HERITAGE-VIE-220,1500,,deny,manual,129.00,,TRUE,TRUE,,,,g,,,,,,,
parure-essentielle-double-gaze-unie,Parure Essentielle – double gaze de coton unie,"<p>Parfois, l'essentiel suffit. Cette parure unie en double gaze de coton est celle qu'on choisit pour débuter : une couleur douce, une matière agréable, et ce froissé naturel qui donne tout de suite du caractère à la chambre.</p><p>La double gaze est composée de deux voiles de coton assemblés. Elle est légère, respirante et moelleuse à la fois : on n'a ni trop chaud en été, ni froid en hiver. Pas besoin de repasser, il suffit de secouer la housse et de l'étendre, le froissé fait le reste.</p><p>Ses teintes unies se mélangent facilement entre elles : osez une housse sauge avec des taies écrues, ou un camaïeu sable et argile pour une chambre chaleureuse. C'est notre parure la plus accessible, sans rien céder sur le toucher.</p><h3>Caractéristiques</h3><ul><li>Double gaze de coton unie</li><li>Légère, respirante et moelleuse</li><li>Effet froissé naturel, sans repassage</li><li>Couleurs faciles à associer entre elles</li><li>Deux tailles : lit 140 ou lit 160/180</li></ul>",Maison Nuits Douces,Parure de lit,"Parure, Double gaze, Style nordique",FALSE,Couleur,Écru,Taille,200×200 cm,MND-ESSENTIELLE-ÉCR-200,1500,,deny,manual,99.00,,TRUE,TRUE,FALSE,"Parure double gaze de coton unie, effet froissé","Parure Essentielle en double gaze de coton unie : légère, respirante, effet froissé naturel. Écru, sauge ou argile. Lit 140 à 180.",g,draft,"100 % coton, double gaze [à confirmer]",[à confirmer] g/m²,"Housse de couette : 200×200 cm ou 220×240 cm selon la taille choisie [à confirmer]
Taies d'oreiller : 2 × 65×65 cm [à confirmer]","1 housse de couette
2 taies d'oreiller [à confirmer]","Lavage en machine à 30 °C ou 40 °C [à confirmer selon l'étiquette]
Laver sur l'envers, housse fermée
Lessive douce, sans adoucissant ni eau de Javel
Séchage à l'air libre ou en sèche-linge à basse température
Pas de repassage nécessaire : l'effet froissé fait le charme",Nordique
parure-essentielle-double-gaze-unie,,,,,,,,Écru,,220×240 cm,MND-ESSENTIELLE-ÉCR-220,1500,,deny,manual,99.00,,TRUE,TRUE,,,,g,,,,,,,
parure-essentielle-double-gaze-unie,,,,,,,,Sauge,,200×200 cm,MND-ESSENTIELLE-SAU-200,1500,,deny,manual,99.00,,TRUE,TRUE,,,,g,,,,,,,
parure-essentielle-double-gaze-unie,,,,,,,,Sauge,,220×240 cm,MND-ESSENTIELLE-SAU-220,1500,,deny,manual,99.00,,TRUE,TRUE,,,,g,,,,,,,
parure-essentielle-double-gaze-unie,,,,,,,,Argile,,200×200 cm,MND-ESSENTIELLE-ARG-200,1500,,deny,manual,99.00,,TRUE,TRUE,,,,g,,,,,,,
parure-essentielle-double-gaze-unie,,,,,,,,Argile,,220×240 cm,MND-ESSENTIELLE-ARG-220,1500,,deny,manual,99.00,,TRUE,TRUE,,,,g,,,,,,,
